size,k,dimension,scann_time,fgc_time,count
50000,10,3,1306.5180778503418,222.1474647521973,1
50000,10,5,1337.0532989501953,265.0899887084961,5
50000,10,10,1781.0513973236084,383.11243057250977,5
50000,40,3,1834.190845489502,255.40423393249512,5
50000,40,5,2437.584638595581,237.27989196777344,5
50000,40,10,2336.4641666412354,487.08105087280273,5
50000,100,3,1739.7658824920654,309.581995010376,5
50000,100,5,1837.815523147583,320.30582427978516,5
50000,100,10,1977.1125316619873,550.1642227172852,10
100000,10,2,2489.8468255996704,27.55305767059327,10
100000,10,3,2545.3564253720365,12.857090343128549,11
100000,10,4,2541.308498382569,45.84469795227051,10
100000,10,5,2642.5210316975913,68.25095812479655,15
100000,10,6,2691.2508726119995,103.5318374633789,10
100000,10,7,2730.3185462951656,144.08721923828125,10
100000,10,8,2747.9313373565674,185.20660400390625,10
100000,10,9,2803.031253814697,260.37533283233637,10
100000,10,10,2873.2210954030356,309.4331582387289,15
100000,10,11,2877.5218009948726,348.9006519317627,10
100000,10,12,2913.18109035492,573.3078718185425,10
100000,10,13,3032.087588310242,639.0823364257812,10
100000,10,14,2979.587888717652,808.4032773971558,10
100000,10,15,3044.7227239608765,862.3119831085205,10
100000,10,16,3038.5968446731567,1398.3325004577637,10
100000,10,17,3128.916358947754,1282.6604604721072,10
100000,10,18,3108.487868309021,1434.8289966583254,10
100000,10,19,3241.6194200515747,1400.9783267974851,10
100000,10,20,3230.323195457459,1539.5163297653205,10
100000,10,21,3328.153705596924,1784.8004341125488,10
100000,10,22,3280.6917190551767,2432.356286048889,10
100000,10,23,3367.898917198182,2250.469136238098,10
100000,10,24,3377.163791656494,2353.0878782272343,10
100000,10,25,3420.2564239501953,2714.9537801742554,10
100000,10,26,3427.584385871887,3120.9466457366943,10
100000,10,27,3507.918167114258,3135.760974884033,10
100000,10,28,3516.291284561157,3318.8140153884888,10
100000,10,29,3614.5437955856337,3352.4041175842276,10
100000,10,30,3592.482042312622,3930.678892135621,10
100000,10,31,3678.3706188201904,3870.9758043289185,10
100000,10,32,3699.519824981688,5895.526599884033,10
100000,10,33,3785.0242137908926,3635.0383043289185,10
100000,10,34,3953.1832218170175,4632.193851470947,10
100000,10,35,3861.6193532943735,4790.763354301453,10
100000,10,36,3859.2565298080453,4721.887588500977,10
100000,10,37,3915.181326866149,5129.085946083069,10
100000,10,38,3935.646772384642,5330.553030967712,10
100000,10,39,3972.074246406555,5357.919073104858,10
100000,10,40,3985.5061292648306,5052.581334114075,10
100000,10,41,4120.359230041504,5168.766903877258,10
100000,10,42,4150.753593444824,5950.430703163147,10
100000,10,43,4244.545674324036,6575.076484680176,10
100000,10,44,4211.368036270142,5519.955348968506,10
100000,10,45,4336.741471290588,6921.874022483826,10
100000,10,46,4348.399710655212,6462.326955795288,10
100000,10,47,4422.455477714539,5487.477135658264,10
100000,10,48,4439.573669433594,8224.986338615417,10
100000,10,49,4460.436964035034,6269.444489479065,10
100000,10,50,4445.581388473512,7165.378904342651,10
100000,10,51,4529.215288162232,7396.563529968262,10
100000,10,52,4525.168538093567,7359.368300437927,10
100000,10,53,4644.917559623718,7837.700080871582,10
100000,10,54,4661.77363395691,7788.396596908569,10
100000,10,55,4770.580077171326,7738.983798027039,10
100000,10,56,4848.707389831543,6998.344421386719,10
100000,10,57,4948.793864250183,7427.46889591217,10
100000,10,58,4980.9659242630005,7777.678751945496,10
100000,10,59,5046.186327934265,7358.508801460266,10
100000,10,60,4946.861386299133,7759.496593475342,10
100000,10,61,5069.264316558838,8067.041254043579,10
100000,10,62,5027.171468734741,8072.11971282959,10
100000,10,63,5117.17712879181,8291.405177116394,10
100000,10,64,5194.660687446594,12107.283830642698,10
100000,10,65,5296.6835260391235,9122.78592586517,10
100000,10,66,5282.5896978378305,8310.944819450378,10
100000,10,67,5232.402086257935,9783.949542045597,10
100000,10,68,5395.014405250549,9257.83519744873,10
100000,10,69,5405.812644958496,8274.35417175293,10
100000,10,70,5377.527165412903,9151.069307327272,10
100000,10,71,5503.531646728516,8610.181331634521,10
100000,10,72,5534.519839286804,9968.830704689026,10
100000,10,73,5671.109414100647,8178.535223007202,10
100000,10,74,5605.556321144104,9225.033617019652,10
100000,10,75,5750.524735450745,9593.728399276732,10
100000,10,76,5700.3989934921265,9667.538118362429,10
100000,10,77,5751.8205642700195,9924.071049690248,10
100000,10,78,5864.266800880432,9909.00790691376,10
100000,10,79,5970.7763671875,9994.422864913944,10
100000,10,80,5804.451489448547,11988.373088836672,10
100000,10,81,5984.986209869385,10436.704707145696,10
100000,10,82,6249.417686462402,10514.01243209839,10
100000,10,83,6019.171762466431,9790.77937602997,10
100000,10,84,6103.824734687805,10882.920861244203,10
100000,10,85,6139.970564842224,10327.998375892636,10
100000,10,86,6154.738545417786,11772.2784280777,10
100000,10,87,6248.89063835144,11346.886610984806,10
100000,10,88,6169.970703125001,10199.043583869936,10
100000,10,89,6346.232080459596,10286.033391952516,10
100000,10,90,6424.144887924194,11563.49539756775,10
100000,10,91,6490.0012016296405,11408.84590148926,10
100000,10,92,6515.187382698059,11925.61628818512,10
100000,10,93,6553.043127059937,11383.99248123169,10
100000,10,94,6488.266372680664,11547.349810600275,10
100000,10,95,6648.427653312683,12092.262983322144,10
100000,10,96,6565.956759452822,17011.91453933716,10
100000,10,97,6692.73955821991,11770.74210643768,10
100000,10,98,6759.552597999573,12245.05968093872,10
100000,10,99,6805.791807174683,12759.09295082092,10
100000,10,100,6819.7919845581055,13307.964730262756,10
100000,40,2,3065.895915031433,48.69449138641358,10
100000,40,3,3369.0408547719326,21.59692446390788,15
100000,40,4,3133.8302850723267,60.17916202545166,10
100000,40,5,3455.9757073720293,90.59584935506184,15
100000,40,6,3299.3465662002563,156.95061683654785,10
100000,40,7,3408.418369293213,250.55923461914068,10
100000,40,8,3428.5104513168335,275.67129135131836,10
100000,40,9,3494.6429014205933,395.9140539169312,10
100000,40,10,3598.5506375630703,431.31197293599445,15
100000,40,11,3600.8926153182983,470.9104299545288,10
100000,40,12,3545.9316730499268,711.501955986023,10
100000,40,13,3655.6044578552246,836.2813472747803,10
100000,40,14,3610.2187633514395,952.6862144470217,10
100000,40,15,3794.6579694747916,1073.9957809448242,10
100000,40,16,3721.6420412063576,1616.514253616333,10
100000,40,17,3847.804093360901,1557.1853637695312,10
100000,40,18,3790.6718730926523,1705.9819459915166,10
100000,40,19,3873.5469102859497,1609.6596956253052,10
100000,40,20,3869.5114374160767,1820.9220170974731,10
100000,40,21,3919.892144203186,2147.0107555389404,10
100000,40,22,3918.103575706481,2840.4514789581303,10
100000,40,23,3990.8314704895033,2668.394637107849,10
100000,40,24,3977.4928331375113,2714.17636871338,10
100000,40,25,4060.1288080215454,3214.141035079956,10
100000,40,26,4083.921694755554,3549.4940757751465,10
100000,40,27,4152.296614646912,3634.524798393248,10
100000,40,28,4140.497040748596,3735.004496574402,10
100000,40,29,4221.224236488342,3728.8615465164185,10
100000,40,30,4226.230812072754,4361.388421058655,10
100000,40,31,4313.116669654846,4254.799103736877,10
100000,40,32,4265.890407562256,6352.930331230164,10
100000,40,33,4382.061839103699,3964.333987236024,10
100000,40,34,4321.001338958741,5105.063843727112,10
100000,40,35,4499.883484840393,5184.940767288208,10
100000,40,36,4472.520589828491,5080.1631689071655,10
100000,40,37,4657.086825370789,5388.041424751282,10
100000,40,38,4599.965953826904,5617.7799463272095,10
100000,40,39,4651.914048194885,5683.328008651733,10
100000,40,40,4675.996899604797,5297.164273262024,10
100000,40,41,4721.80757522583,5346.603059768677,10
100000,40,42,4753.143048286438,6114.85311985016,10
100000,40,43,4832.943034172058,6817.399477958679,10
100000,40,44,4849.729323387146,5714.873790740967,10
100000,40,45,4962.917065620422,7111.958265304565,10
100000,40,46,5197.671175003052,6588.362669944763,10
100000,40,47,5060.474467277527,5728.898286819458,10
100000,40,48,5129.229807853699,8379.992294311523,10
100000,40,49,5216.000437736512,6438.875460624695,10
100000,40,50,5186.647653579712,7238.9981508255005,10
100000,40,51,5144.592070579529,7571.535420417786,10
100000,40,52,5202.162027359009,7412.103319168091,10
100000,40,53,5347.811675071717,7934.5603704452515,10
100000,40,54,5365.159773826599,7842.898774147034,10
100000,40,55,5458.37709903717,7736.294460296631,10
100000,40,56,5453.623104095459,7027.350044250488,10
100000,40,57,5526.50043964386,7397.650480270386,10
100000,40,58,5723.268079757691,7755.101537704468,10
100000,40,59,5641.33415222168,7391.834235191345,10
100000,40,60,5750.44310092926,7737.511706352234,10
100000,40,61,5762.6102685928345,8063.952159881592,10
100000,40,62,5793.124508857727,8081.365990638733,10
100000,40,63,5915.068936347961,8489.97175693512,10
100000,40,64,5874.501204490662,12083.234357833864,10
100000,40,65,5870.051145553589,9104.537320137024,10
100000,40,66,6011.520075798035,8443.463063240051,10
100000,40,67,6007.537579536438,9750.468635559086,10
100000,40,68,6062.422823905945,9341.778969764708,10
100000,40,69,6091.262364387513,8399.788928031921,10
100000,40,70,6126.778173446655,9306.359696388245,10
100000,40,71,6184.283256530762,8756.768894195557,10
100000,40,72,6277.376198768616,9952.495646476744,10
100000,40,73,6330.8186292648315,8189.640283584595,10
100000,40,74,6316.887259483337,9275.115561485289,10
100000,40,75,6442.603826522827,9576.924467086792,10
100000,40,76,6467.144870758057,9773.220038414,10
100000,40,77,6567.5617933273315,9908.55360031128,10
100000,40,78,6531.704354286194,9905.443692207336,10
100000,40,79,6589.904689788818,9938.3003950119,10
100000,40,80,6650.572848320007,12080.60233592987,10
100000,40,81,6758.021926879883,10394.045901298525,10
100000,40,82,6686.540842056274,10606.44073486328,10
100000,40,83,6838.49470615387,9878.03373336792,10
100000,40,84,6805.7477951049805,11080.49578666687,10
100000,40,85,6858.03530216217,10435.93323230743,10
100000,40,86,6932.273769378662,11837.919783592224,10
100000,40,87,6925.727462768555,11295.456361770632,10
100000,40,88,6985.12396812439,10246.419787406923,10
100000,40,89,7108.746242523193,10271.185827255247,10
100000,40,90,7156.91614151001,11643.526339530948,10
100000,40,91,7225.087380409241,11288.59133720398,10
100000,40,92,7180.396151542664,11999.60088729858,10
100000,40,93,7343.2687520980835,11446.304941177372,10
100000,40,94,7507.444715499878,11491.415786743164,10
100000,40,95,7548.058366775513,12151.442956924438,10
100000,40,96,7456.267094612122,16954.099678993225,10
100000,40,97,7471.149444580078,11769.675612449646,10
100000,40,98,7608.078694343567,12276.489996910092,10
100000,40,99,7595.850944519043,12695.50335407257,10
100000,40,100,7717.18647480011,13195.804238319393,10
100000,100,2,3371.3284254074097,60.78915596008301,10
100000,100,3,3392.213503519694,45.21431922912599,15
100000,100,4,3471.178150177002,104.581093788147,10
100000,100,5,4130.955696105957,137.00849215189615,15
100000,100,6,3651.409053802491,221.31247520446772,10
100000,100,7,3721.4605569839487,352.4104833602905,10
100000,100,8,3730.246639251709,375.99999904632574,10
100000,100,9,3834.03217792511,572.5824594497681,10
100000,100,10,4456.084454059601,550.5885720252991,20
100000,100,11,3960.668182373047,684.7108840942383,10
100000,100,12,3929.338836669923,774.3988275527954,10
100000,100,13,3979.3545484542847,944.9577331542966,10
100000,100,14,3968.141031265259,1074.8275518417356,10
100000,100,15,4014.396381378174,1171.1807727813718,10
100000,100,16,3989.495015144348,1746.6273546218872,10
100000,100,17,4087.2350692749023,1689.682412147522,10
100000,100,18,4106.131029129028,1721.4743614196773,10
100000,100,19,4148.628330230713,1558.338022232056,10
100000,100,20,4148.644495010376,1827.243590354919,10
100000,100,21,4227.065658569336,2015.811800956726,10
100000,100,22,4248.28417301178,2232.236957550049,10
100000,100,23,4274.434304237366,2373.715662956238,10
100000,100,24,4283.666777610779,2131.125545501709,10
100000,100,25,4385.123348236084,2503.55544090271,10
100000,100,26,4398.456692695618,2929.825758934021,10
100000,100,27,4448.348140716553,2881.430768966675,10
100000,100,28,4440.169930458069,2860.046410560608,10
100000,100,29,4559.199309349061,3227.5493383407593,10
100000,100,30,4524.827265739441,3311.4861488342285,10
100000,100,31,4592.035937309265,3567.8898334503174,10
100000,100,32,4608.216547966003,5785.014271736145,10
100000,100,33,4787.106490135193,3342.153763771057,10
100000,100,34,4751.197957992554,4124.953103065491,10
100000,100,35,4841.444993019104,3988.853645324707,10
100000,100,36,4815.843319892883,4121.164584159851,10
100000,100,37,4937.187266349793,3988.619303703308,10
100000,100,38,4964.042544364929,4236.2016677856445,10
100000,100,39,5005.349159240723,4451.219773292542,10
100000,100,40,4991.770672798157,4322.996449470521,10
100000,100,41,5104.571771621704,4709.113049507142,10
100000,100,42,5138.022708892823,4772.963857650757,10
100000,100,43,5142.183208465576,5004.996681213379,10
100000,100,44,5214.9564027786255,4713.35711479187,10
100000,100,45,5227.109003067017,5033.239459991455,10
100000,100,46,5250.487065315248,5461.199998855591,10
100000,100,47,5472.579646110535,4920.436501502992,10
100000,100,48,5340.9897327423105,6518.57385635376,10
100000,100,49,5447.269415855408,5564.272880554199,10
100000,100,50,5469.694137573242,5751.193404197693,10
100000,100,51,5564.405918121338,5921.7857122421265,10
100000,100,52,5515.660667419434,6272.281932830811,10
100000,100,53,5671.603560447694,6343.624019622803,10
100000,100,54,5648.268675804138,5922.455549240112,10
100000,100,55,5805.64546585083,6241.421055793762,10
100000,100,56,5735.739588737488,6083.3899974823,10
100000,100,57,5845.324468612671,6043.050837516785,10
100000,100,58,5835.360240936279,6379.916143417358,10
100000,100,59,5882.738709449768,6435.092234611511,10
100000,100,60,5954.499626159668,6941.772079467773,10
100000,100,61,6015.58039188385,6703.50604057312,10
100000,100,62,6043.2373046875,6865.255618095398,10
100000,100,63,6260.334300994873,6914.77997303009,10
100000,100,64,6105.213761329651,11449.18756484985,10
100000,100,65,6349.5275020599365,7420.628714561462,10
100000,100,66,6186.843132972717,7168.854737281799,10
100000,100,67,6168.288350105286,7371.977806091309,10
100000,100,68,6169.6967124938965,8113.938474655151,10
100000,100,69,6292.033791542053,7782.542395591736,10
100000,100,70,6349.422717094421,8538.462090492249,10
100000,100,71,6470.113635063171,8116.189074516296,10
100000,100,72,6455.282115936279,7630.252289772034,10
100000,100,73,6580.495929718018,7653.311777114866,10
100000,100,74,6658.980512619019,8280.91790676117,10
100000,100,75,6738.737988471987,8432.778429985046,10
100000,100,76,6690.845012664797,9147.483134269714,10
100000,100,77,6716.568779945375,8902.45394706726,10
100000,100,78,6800.125765800476,9420.016860961916,10
100000,100,79,6858.487486839294,9126.415634155272,10
100000,100,80,6913.653922080994,9998.159384727478,10
100000,100,81,7021.964716911316,9583.590197563171,10
100000,100,82,7001.768922805786,10032.010412216188,10
100000,100,83,7086.3030433654785,9189.129495620731,10
100000,100,84,7101.523399353027,10656.864643096926,10
100000,100,85,7233.844900131226,9634.243202209473,10
100000,100,86,7227.717590332031,9958.637809753418,10
100000,100,87,7285.9514236450195,10570.817756652832,10
100000,100,88,7419.208073616028,10284.209012985228,10
100000,100,89,7311.192560195923,9496.905708312986,10
100000,100,90,7333.360934257507,10342.6735162735,10
100000,100,91,7484.485173225403,10853.260874748228,10
100000,100,92,7544.196677207947,10927.341580390928,10
100000,100,93,7574.817204475401,10644.437909126282,10
100000,100,94,7554.77237701416,10857.27365016937,10
100000,100,95,7615.333795547485,10985.102701187136,10
100000,100,96,7679.010462760925,16304.428100585938,10
100000,100,97,7738.250708580017,10904.179644584654,10
100000,100,98,7682.650113105774,11674.43814277649,10
100000,100,99,7818.109202384949,10727.4585723877,10
100000,100,100,7866.022419929504,11488.95823955536,10
150000,10,3,4092.53191947937,9.464502334594728,1
150000,10,5,4264.910697937012,117.88129806518558,5
150000,10,10,4765.760183334351,555.7084083557129,5
150000,40,3,7095.372915267944,27.4045467376709,5
150000,40,5,5534.393548965454,181.16521835327148,5
150000,40,10,6206.207513809204,774.0938663482666,5
150000,100,3,5674.856662750244,60.08291244506836,5
150000,100,5,7731.552124023436,316.44201278686523,5
150000,100,10,7982.887268066406,982.8147888183594,10
200000,10,3,5622.779607772827,10.833740234375,1
200000,10,5,6133.4874629974365,135.9245777130127,5
200000,10,10,7263.082265853882,532.6488018035889,5
200000,40,3,7605.423927307129,19.89126205444336,5
200000,40,5,7694.130420684814,239.4323348999023,5
200000,40,10,9000.267028808594,1122.7984428405762,5
200000,100,3,7835.169076919556,108.2310676574707,5
200000,100,5,8895.235538482666,349.0297794342041,5
200000,100,10,9187.548875808716,1488.3277416229248,10
250000,10,3,7691.2522315979,11.226892471313477,1
250000,10,5,7759.3324184417725,190.87481498718265,5
250000,10,10,9374.122142791748,711.8797302246094,5
250000,40,3,9191.099882125854,47.46675491333008,5
250000,40,5,9671.008110046389,348.8788604736328,5
250000,40,10,11169.467687606812,1468.8234329223633,5
250000,100,3,10464.434385299684,71.75993919372559,5
250000,100,5,13834.080219268802,512.8812789916992,5
250000,100,10,12389.031410217283,1940.8237934112549,10
300000,10,3,9568.008661270142,11.926889419555664,1
300000,10,5,9650.568962097168,225.42786598205572,5
300000,10,10,13047.971963882446,866.5900230407715,5
300000,40,3,12082.564353942871,33.96153450012207,5
300000,40,5,12305.73844909668,410.7379913330078,5
300000,40,10,14683.574438095093,1910.2771282196045,5
300000,100,3,12406.107902526855,64.70489501953125,5
300000,100,5,14489.252090454102,617.0802116394043,5
300000,100,10,15438.806772232056,2339.9603366851807,10
350000,10,3,11410.020351409912,15.186786651611328,1
350000,10,5,11333.093166351318,303.0710220336914,5
350000,10,10,14028.13458442688,1100.475549697876,5
350000,40,3,14501.089096069336,56.66780471801758,5
350000,40,5,14274.430513381958,470.7202911376953,5
350000,40,10,16595.41130065918,2639.9807929992676,5
350000,100,3,15866.72854423523,103.96790504455566,5
350000,100,5,17246.636152267456,797.1196174621582,5
350000,100,10,18819.79179382324,3125.725746154785,10
400000,10,3,12934.903860092165,17.618179321289062,1
400000,10,5,13525.900840759274,378.0331611633301,5
400000,10,10,16910.550594329834,1416.687250137329,5
400000,40,3,16254.782915115356,65.60373306274414,5
400000,40,5,17244.57359313965,507.2298049926758,5
400000,40,10,18971.73762321472,3015.7861709594727,5
400000,100,3,17615.545749664307,99.22599792480467,5
400000,100,5,20905.84969520569,946.8393325805664,5
400000,100,10,21809.926986694336,3862.0288372039786,10
450000,10,3,14512.344121932983,20.923852920532227,1
450000,10,5,15420.207023620602,431.78677558898926,5
450000,10,10,19645.67708969116,1653.673648834228,5
450000,40,3,19310.25981903076,67.4736499786377,5
450000,40,5,19934.836626052856,696.3419914245605,5
450000,40,10,22176.806688308716,4115.79704284668,5
450000,100,3,20397.305011749268,98.08850288391112,5
450000,100,5,25687.788486480713,1100.5549430847168,5
450000,100,10,25390.00630378723,4846.496343612671,10
500000,10,3,17554.11410331726,24.01280403137207,1
500000,10,5,17608.577013015747,536.6859436035156,5
500000,10,10,22164.921045303345,1918.139934539795,5
500000,40,3,21611.451625823975,69.48971748352051,5
500000,40,5,21513.129711151123,726.8877029418945,5
500000,40,10,25628.93557548523,4260.39981842041,5
500000,100,3,23122.281312942505,145.54429054260254,5
500000,100,5,24934.86499786377,1222.4552631378174,5
500000,100,10,28500.82039833069,5199.53179359436,10
550000,10,3,20468.60289573669,27.876853942871097,1
550000,10,5,20011.80911064148,554.8567771911621,5
550000,10,10,25155.6339263916,2296.7662811279297,5
550000,40,3,24282.3646068573,99.47013854980467,5
550000,40,5,23718.494653701782,873.6140727996826,5
550000,40,10,28031.83150291443,5204.118728637695,5
550000,100,3,26116.44506454468,133.8341236114502,5
550000,100,5,25621.601104736328,1368.1426048278809,5
550000,100,10,32053.830862045288,6300.239324569702,10
600000,10,3,21443.702459335327,33.26988220214844,1
600000,10,5,23910.16125679016,897.7603912353516,5
600000,10,10,26746.32453918457,2724.85899925232,5
600000,40,3,26922.414779663093,84.64670181274414,5
600000,40,5,27713.485956192017,1053.2951354980469,5
600000,40,10,30211.44008636474,6173.234224319458,5
600000,100,3,27919.4118976593,221.52280807495117,5
600000,100,5,30283.19525718689,1657.9196453094482,5
600000,100,10,37723.8929271698,7255.215644836426,10
650000,10,3,24580.82795143127,38.23113441467285,1
650000,10,5,26456.189155578613,699.0315914154053,5
650000,10,10,28710.24465560913,3125.1673698425293,5
650000,40,3,29893.2523727417,117.57993698120114,5
650000,40,5,31289.65711593628,1184.657096862793,5
650000,40,10,35880.45811653137,7052.217960357666,5
650000,100,3,31652.714729309075,199.40900802612305,5
650000,100,5,32873.533725738525,2016.1354541778564,5
650000,100,10,39059.8201751709,8456.16626739502,10
700000,10,3,25789.50238227844,43.41316223144531,1
700000,10,5,29687.07299232483,747.3578453063965,5
700000,10,10,35853.97553443909,3571.554183959961,5
700000,40,3,33530.88355064392,175.93693733215332,5
700000,40,5,34129.7402381897,1374.8712539672852,5
700000,40,10,39115.4682636261,7754.487037658691,5
700000,100,3,34091.60351753235,215.80100059509277,5
700000,100,5,36390.29669761658,1921.715497970581,5
700000,100,10,41798.04754257202,9432.620286941528,10
750000,10,3,29516.59107208252,48.87127876281738,1
750000,10,5,33528.18465232849,851.9730567932129,5
750000,10,10,33505.74207305908,4148.338794708252,5
750000,40,3,36191.657304763794,115.42582511901855,5
750000,40,5,37344.01226043701,1522.4847793579102,5
750000,40,10,43098.501443862915,9101.959466934204,5
750000,100,3,37984.81225967407,200.57439804077148,5
750000,100,5,39349.03311729431,2209.3489170074463,5
750000,100,10,47314.69130516052,10799.630403518677,10
800000,10,3,31552.988290786743,54.859161376953125,1
800000,10,5,34141.28637313843,980.3223609924316,5
800000,10,10,35899.982929229736,4662.934064865112,5
800000,40,3,38885.11681556702,162.98222541809082,5
800000,40,5,40747.41339683533,1541.8286323547363,5
800000,40,10,45656.5523147583,9661.356687545776,5
800000,100,3,37612.31589317322,217.23175048828125,5
800000,100,5,40810.99557876587,2515.7017707824707,5
800000,100,10,49596.551179885864,12425.607204437256,10
850000,10,3,33233.77466201782,63.24148178100586,1
850000,10,5,37573.61888885498,1102.6012897491455,5
850000,10,10,39579.32472229004,5303.935289382935,5
850000,40,3,42389.61148262024,177.79088020324707,5
850000,40,5,44223.47068786621,1859.2510223388672,5
850000,40,10,50898.16737174988,11262.793779373167,5
850000,100,3,41494.43197250366,272.0963954925537,5
850000,100,5,46816.16258621216,2800.2395629882812,5
850000,100,10,53937.0539188385,13952.187299728394,10
900000,10,3,36701.64179801941,71.41494750976562,1
900000,10,5,38744.58575248718,1224.2801189422607,5
900000,10,10,41375.18620491028,5900.670289993286,5
900000,40,3,44419.28672790527,216.5541648864746,5
900000,40,5,47746.60682678223,1962.1405601501465,5
900000,40,10,53441.83421134949,13328.370809555054,5
900000,100,3,44181.29372596741,231.35638236999512,5
900000,100,5,50428.61032485962,2971.851348876953,5
900000,100,10,58059.484004974365,15079.170227050778,10
950000,10,3,39282.68003463745,78.56869697570801,1
950000,10,5,37940.85288047791,1446.3067054748535,5
950000,10,10,44336.34614944458,6432.311296463013,5
950000,40,3,47659.25049781799,194.79012489318848,5
950000,40,5,50657.85527229309,2075.357437133789,5
950000,40,10,57609.65847969055,14835.30855178833,5
950000,100,3,50539.37864303589,281.735897064209,5
950000,100,5,55631.62422180176,3178.97367477417,5
950000,100,10,69931.67686462402,16866.875171661377,10
1000000,10,2,47057.897090911865,903.9368629455566,5
1000000,10,3,41920.968770980835,175.02009868621826,6
1000000,10,4,42452.18276977539,579.369068145752,5
1000000,10,5,43750.394105911255,1596.2333679199219,10
1000000,10,6,44764.47010040283,3021.472215652466,5
1000000,10,7,57163.46883773804,5260.843753814697,5
1000000,10,8,53586.64035797119,6341.205596923828,5
1000000,10,9,56131.598711013794,9288.949489593506,5
1000000,10,10,48359.10642147064,11500.563263893127,10
1000000,10,11,49817.86847114563,16908.206701278687,5
1000000,10,12,52767.78507232666,20830.845832824707,5
1000000,10,13,53353.11222076416,25950.331449508667,5
1000000,10,14,54485.586404800415,29837.80336380005,5
1000000,10,15,54436.851263046265,33429.64172363281,5
1000000,10,16,54612.38837242128,89549.72791671753,5
1000000,10,17,56747.9407787323,45207.83233642578,5
1000000,10,18,56091.43114089966,49487.56551742554,5
1000000,10,19,58257.62605667114,51986.05704307556,5
1000000,10,20,57421.04983329773,56657.71675109863,5
1000000,10,21,61535.22181510925,64718.74642372131,5
1000000,10,22,58107.03706741333,70496.7041015625,5
1000000,10,23,59204.94127273561,75921.13637924194,5
1000000,10,24,60393.497943878174,97703.03225517271,5
1000000,10,25,61050.10080337526,89021.16966247559,5
1000000,10,26,59677.97064781189,96415.385723114,5
1000000,10,27,63632.18855857849,99791.65077209473,5
1000000,10,28,63756.63256645203,100258.71014595032,5
1000000,10,29,63961.99131011963,117025.9211063385,5
1000000,10,30,63532.28664398193,120595.27468681335,5
1000000,10,31,66165.18068313599,131370.57852745056,5
1000000,10,32,66604.54607009888,422090.4278755188,5
1000000,10,33,67390.66696166992,147317.56329536438,5
1000000,10,34,68712.45574951172,148642.0226097107,5
1000000,10,35,70545.05610466003,150304.76236343384,5
1000000,10,36,70765.01727104187,155816.58816337585,5
1000000,10,37,74251.14870071411,165925.7972240448,5
1000000,10,38,73810.36043167114,170671.82517051697,5
1000000,10,39,73565.71555137634,177521.50297164917,5
1000000,10,40,72199.02348518372,203341.1910533905,5
1000000,10,41,76025.21014213562,186435.82487106323,5
1000000,10,42,75905.94029426575,190826.3885974884,5
1000000,10,43,77510.78367233276,193238.361120224,5
1000000,10,44,78354.57158088684,199628.0720233917,5
1000000,10,45,80647.66645431519,211687.89768219,5
1000000,10,46,80713.76705169678,223632.14468956,5
1000000,10,47,81871.77968025208,219384.76943969727,5
1000000,10,48,82335.73532104492,349127.18319892883,5
1000000,10,49,84354.57396507263,139776.46660804749,5
1000000,10,50,93628.28612327576,171197.4594593048,5
1000000,40,2,48688.11082839966,410.2311134338379,5
1000000,40,3,48999.74548816681,182.49940872192383,10
1000000,40,4,48313.72165679932,777.8139114379883,5
1000000,40,5,51896.289467811584,2035.3820323944092,10
1000000,40,6,50867.16198921204,3333.890676498413,5
1000000,40,7,52929.89683151245,5263.443946838379,5
1000000,40,8,54350.13246536255,5905.179500579834,5
1000000,40,9,56421.17142677307,13091.307163238524,5
1000000,40,10,59068.74990463257,18764.352321624752,10
1000000,40,11,60224.79319572449,23143.579483032227,5
1000000,40,12,61093.30320358278,25718.53494644165,5
1000000,40,13,62154.20651435852,32814.518451690674,5
1000000,40,14,61719.35296058655,38070.92881202698,5
1000000,40,15,63457.75961875917,45261.74259185791,5
1000000,40,16,63244.71354484558,114244.5414066315,5
1000000,40,17,66361.0475063324,55675.12583732605,5
1000000,40,18,67066.06364250183,59090.02113342285,5
1000000,40,19,67991.07146263123,64756.44659996033,5
1000000,40,20,68178.82442474365,69474.25889968872,5
1000000,40,21,69734.51519012451,80799.33786392212,5
1000000,40,22,71069.50306892395,85930.64260482788,5
1000000,40,23,72069.828748703,90627.90751457214,5
1000000,40,24,70814.90540504456,113292.54627227786,5
1000000,40,25,73301.49221420288,104605.16238212584,5
1000000,40,26,74095.67713737488,115295.89223861694,5
1000000,40,27,76114.00437355042,120658.44511985782,5
1000000,40,28,74223.67119789124,122347.0561504364,5
1000000,40,29,76384.441614151,138836.22908592224,5
1000000,40,30,78520.97177505493,154733.7830066681,5
1000000,40,31,79499.2687702179,161323.60792160034,5
1000000,40,32,78880.63144683838,512585.8178138733,5
1000000,40,33,82802.64854431152,168982.48720169067,5
1000000,40,34,84924.30090904236,170455.62601089478,5
1000000,40,35,84498.08025360107,186896.6147899628,5
1000000,40,36,83586.20142936707,184871.00291252136,5
1000000,40,37,85201.86614990234,192156.71396255493,5
1000000,40,38,86025.55441856384,205407.212972641,5
1000000,40,39,86402.9188156128,207489.4819259644,5
1000000,40,40,87786.17525100708,234290.54069519043,5
1000000,40,41,88285.7666015625,222752.7141571045,5
1000000,40,42,88153.43046188354,237929.03232574463,5
1000000,40,43,90776.33619308472,224551.02396011358,5
1000000,40,44,90654.05344963074,234617.08521842962,5
1000000,40,45,93394.47402954102,259790.7111644745,5
1000000,40,46,91885.87808609007,275036.4987850189,5
1000000,40,47,94075.45042037964,267235.8419895172,5
1000000,40,48,94256.0453414917,416657.24062919617,5
1000000,40,49,97048.09212684631,284446.1541175842,5
1000000,40,50,96537.05072402954,291587.19420433044,5
1000000,100,2,48555.21011352539,1741.46318435669,5
1000000,100,3,53246.52683734894,426.6235828399658,10
1000000,100,4,51898.93221855163,1945.279598236084,5
1000000,100,5,56281.77189826965,3744.9251413345337,10
1000000,100,6,56167.65332221985,7298.179149627686,5
1000000,100,7,59128.46851348877,11108.675003051758,5
1000000,100,8,59489.17579650879,12316.062927246094,5
1000000,100,9,62315.61088562012,17947.859287261963,5
1000000,100,10,72628.69985898335,19189.183076222736,15
1000000,100,11,65725.1923084259,26081.00533485413,5
1000000,100,12,64897.83263206482,30657.891273498535,5
1000000,100,13,67601.16481781006,39282.39631652832,5
1000000,100,14,68607.19680786133,41833.51111412048,5
1000000,100,15,67996.0744380951,45563.17853927612,5
1000000,100,16,69152.68898010254,122147.58729934692,5
1000000,100,17,71075.4611492157,54335.65092086792,5
1000000,100,18,70811.09857559204,58566.68829917908,5
1000000,100,19,71806.9920539856,69733.35242271423,5
1000000,100,20,71198.87518882751,77625.30565261841,5
1000000,100,21,72163.6233329773,86692.86942481995,5
1000000,100,22,72550.67682266235,92487.61677742004,5
1000000,100,23,74394.52767372131,92142.8928375244,5
1000000,100,24,76151.63254737854,120928.00855636597,5
1000000,100,25,77524.43957328796,109462.86964416504,5
1000000,100,26,77449.25498962402,110779.13236618042,5
1000000,100,27,79167.78111457825,118937.05916404724,5
1000000,100,28,79354.30645942688,125451.4319896698,5
1000000,100,29,79660.08114814758,136623.19707870483,5
1000000,100,30,80092.85020828247,144017.07863807678,5
1000000,100,31,81436.27834320068,155638.1323337555,5
1000000,100,32,84141.01982116699,502200.7176876068,5
1000000,100,33,84424.04675483704,170777.4522304535,5
1000000,100,34,84126.71327590942,182712.38565444943,5
1000000,100,35,86250.37217140198,185366.4712905884,5
1000000,100,36,86938.16947937012,187814.77212905884,5
1000000,100,37,88233.17813873291,202214.6542072296,5
1000000,100,38,87794.90661621094,217746.98734283447,5
1000000,100,39,89079.95200157166,222419.5318222046,5
1000000,100,40,88667.32454299927,234181.90908432007,5
1000000,100,41,90097.54633903503,224320.1847076416,5
1000000,100,42,91104.09903526306,224076.65061950684,5
1000000,100,43,92528.05471420288,225400.06160736084,5
1000000,100,44,92122.0691204071,248048.08449745172,5
1000000,100,45,93969.87462043762,247743.03221702576,5
1000000,100,46,94392.24648475648,257302.7822971344,5
1000000,100,47,96725.14653205872,267739.57681655884,5
1000000,100,48,96340.2328491211,422635.1137161255,5
1000000,100,49,98222.2421169281,291763.1344795227,5
1000000,100,50,99073.67038726808,284850.67558288574,5
1050000,10,3,44005.11693954468,95.94416618347168,1
1050000,10,5,43922.94263839722,1585.1233005523682,5
1050000,10,10,52264.13345336914,7841.861248016357,5
1050000,40,3,52733.52360725403,234.68017578125,5
1050000,40,5,57408.74528884888,2481.364965438843,5
1050000,40,10,64571.208000183105,17980.149507522583,5
1050000,100,3,57523.571491241455,365.483283996582,5
1050000,100,5,58720.47662734985,3715.839385986328,5
1050000,100,10,90732.44881629944,19551.315546035767,10
1100000,10,3,46641.77680015564,104.2921543121338,1
1100000,10,5,47508.34035873413,1694.478988647461,5
1100000,10,10,55216.20202064514,8634.95922088623,5
1100000,40,3,54906.91685676575,300.9169101715088,5
1100000,40,5,60298.4082698822,2720.0911045074463,5
1100000,40,10,69755.46884536743,18397.53222465515,5
1100000,100,3,62606.053590774536,339.1730785369873,5
1100000,100,5,65797.36590385437,4160.890102386475,5
1100000,100,10,84769.0818309784,21552.075147628784,10
1150000,10,3,49793.40863227844,112.99729347229004,1
1150000,10,5,52686.88106536865,1684.9963665008545,5
1150000,10,10,60140.29335975647,9262.48025894165,5
1150000,40,3,61395.30301094055,248.71087074279785,5
1150000,40,5,64683.91299247742,2861.727714538574,5
1150000,40,10,73706.49790763855,20031.002521514893,5
1150000,100,3,66634.80305671692,408.573865890503,5
1150000,100,5,70179.88681793213,4277.475595474243,5
1150000,100,10,81684.65495109558,22732.42950439453,10
1200000,10,3,52714.83278274536,122.56288528442384,1
1200000,10,5,57607.7995300293,1989.8178577423096,5
1200000,10,10,58937.51621246338,9997.451305389404,5
1200000,40,3,64425.49681663513,310.14204025268555,5
1200000,40,5,65218.34897994995,3165.3149127960205,5
1200000,40,10,77545.19391059875,21679.200649261475,5
1200000,100,3,64941.25962257385,399.52707290649414,5
1200000,100,5,74721.0419178009,4554.073095321655,5
1200000,100,10,87537.28103637695,25681.580305099487,10
1250000,10,3,55372.485876083374,133.1934928894043,1
1250000,10,5,59554.94999885559,1899.3051052093501,5
1250000,10,10,73333.70161056519,10863.158226013184,5
1250000,40,3,67536.2343788147,305.1023483276367,5
1250000,40,5,72265.24806022644,3465.11173248291,5
1250000,40,10,82952.8284072876,23090.434312820435,5
1250000,100,3,67841.52221679688,530.6241512298584,5
1250000,100,5,76882.96008110046,4930.363893508911,5
1250000,100,10,86369.36902999878,26803.196907043457,10
1300000,10,3,58461.99607849121,142.37165451049805,1
1300000,10,5,59870.16248703003,2133.542060852051,5
1300000,10,10,71025.58398246765,11805.166006088257,5
1300000,40,3,71757.89093971252,346.7273712158203,5
1300000,40,5,76556.01692199707,3681.0779571533194,5
1300000,40,10,88073.74382019043,24435.415983200073,5
1300000,100,3,71143.8467502594,544.1064834594727,5
1300000,100,5,82719.72751617432,5227.921009063721,5
1300000,100,10,93234.88426208496,28958.38499069214,10
1350000,10,3,60573.12202453613,153.20467948913574,1
1350000,10,5,65124.37653541565,2243.3249950408936,5
1350000,10,10,71398.0040550232,12550.504446029665,5
1350000,40,3,74655.522108078,344.93160247802734,5
1350000,40,5,79706.6457271576,3761.9943618774414,5
1350000,40,10,92544.52562332152,26850.77977180481,5
1350000,100,3,80378.83424758911,792.609691619873,5
1350000,100,5,81213.56797218323,5546.02837562561,5
1350000,100,10,99784.08122062685,30721.888303756707,10
1400000,10,3,62356.09412193298,163.0692481994629,1
1400000,10,5,65469.82407569885,2336.0562324523926,5
1400000,10,10,75258.4776878357,13410.966396331787,5
1400000,40,3,78501.6143321991,382.9164505004883,5
1400000,40,5,83400.75826644897,4003.4523010253906,5
1400000,40,10,96084.89847183228,28903.114557266235,5
1400000,100,3,83004.15229797363,580.7111263275146,5
1400000,100,5,88078.48310470581,5860.631704330444,5
1400000,100,10,103731.57620429993,32667.948722839355,10
1450000,10,3,66780.30371665955,174.61681365966797,1
1450000,10,5,71148.26703071594,2463.985204696656,5
1450000,10,10,82516.57128334045,14374.970436096191,5
1450000,40,3,83063.56620788574,377.8982162475586,5
1450000,40,5,88034.02733802795,4467.48948097229,5
1450000,40,10,101796.20099067688,31660.77184677124,5
1450000,100,3,86331.54201507568,705.371618270874,5
1450000,100,5,92943.7165260315,6216.954231262207,5
1450000,100,10,109999.84312057498,35646.06213569641,10
1500000,10,3,67337.242603302,186.0506534576416,1
1500000,10,5,77624.40967559814,2735.824584960937,5
1500000,10,10,86314.20850753784,15270.86591720581,5
1500000,40,3,86130.08427619934,401.1120796203613,5
1500000,40,5,89961.86971664429,4554.486513137817,5
1500000,40,10,104984.82847213742,33760.12325286865,5
1500000,100,3,91399.21045303345,589.1528129577637,5
1500000,100,5,97134.84597206116,6916.035413742065,5
1500000,100,10,113637.17079162598,38582.53741264343,10
1550000,10,3,74157.72914886475,198.04883003234863,1
1550000,10,5,81908.71691703796,2898.176908493042,5
1550000,10,10,89607.37228393555,16182.396650314335,5
1550000,40,3,89693.74632835388,459.28454399108887,5
1550000,40,5,95406.79597854614,4807.405471801758,5
1550000,40,10,106388.71908187866,33965.64960479736,5
1550000,100,3,94875.22912025452,707.1702480316162,5
1550000,100,5,97982.10668563844,6941.493511199951,5
1550000,100,10,117804.77285385132,39228.92498970032,10
1600000,10,3,76547.54614830017,210.667371749878,1
1600000,10,5,84420.3073978424,2817.763090133667,5
1600000,10,10,94169.89517211914,17147.872924804688,5
1600000,40,3,94982.91182518004,503.77702713012695,5
1600000,40,5,99204.76293563844,5098.085403442383,5
1600000,40,10,111889.96315002438,35283.947467803955,5
1600000,100,3,96770.2898979187,716.8779373168945,5
1600000,100,5,105280.3251743317,7493.205547332764,5
1600000,100,10,134127.21276283264,41302.284479141235,10
1650000,10,3,80651.00455284119,222.5959300994873,1
1650000,10,5,90948.34637641908,3244.331359863281,5
1650000,10,10,98393.55111122131,17970.545530319214,5
1650000,40,3,99327.87585258484,559.2958927154541,5
1650000,40,5,102560.2843761444,5520.904064178467,5
1650000,40,10,117050.01330375671,37355.93914985657,5
1650000,100,3,100603.08933258057,621.6347217559814,5
1650000,100,5,105782.5231552124,8334.169626235962,5
1650000,100,10,131827.59046554565,43486.15074157715,10
1700000,10,3,83339.20645713806,257.3375701904297,1
1700000,10,5,92305.94086647034,3098.4389781951904,5
1700000,10,10,101758.5060596466,19260.300874710083,5
1700000,40,3,100775.63548088074,628.8197040557861,5
1700000,40,5,107873.84986877438,5524.18851852417,5
1700000,40,10,148899.79696273804,40198.62699508667,5
1700000,100,3,109107.05327987674,845.6237316131592,5
1700000,100,5,112245.61476707458,8204.672574996948,5
1700000,100,10,134647.92156219482,45946.63619995117,10
1750000,10,3,83768.12434196472,271.61145210266113,1
1750000,10,5,94307.39784240724,3347.5608825683594,5
1750000,10,10,106985.70156097412,20189.440488815308,5
1750000,40,3,109085.00552177426,675.5733489990234,5
1750000,40,5,111612.2217178345,5795.878887176514,5
1750000,40,10,146773.76985549927,44335.21485328674,5
1750000,100,3,110339.86234664914,715.4607772827148,5
1750000,100,5,116466.57371520996,8457.337856292725,5
1750000,100,10,141564.4292831421,50337.005615234375,10
1800000,10,3,89918.07508468628,286.7929935455322,1
1800000,10,5,102605.59964179993,3452.1288871765137,5
1800000,10,10,110597.32413291934,21401.00145339966,5
1800000,40,3,111064.61262702942,673.8784313201904,5
1800000,40,5,116367.32578277588,6186.305522918701,5
1800000,40,10,138685.38355827332,45982.64479637146,5
1800000,100,3,111796.8578338623,761.6848945617676,5
1800000,100,5,122428.9960861206,8829.278945922852,5
1800000,100,10,145983.18600654602,51191.97630882263,10
1850000,10,3,93659.0974330902,303.1280040740967,1
1850000,10,5,104029.50549125671,3635.3211402893057,5
1850000,10,10,115240.47636985782,22532.054901123047,5
1850000,40,3,115521.74282073978,631.7863464355469,5
1850000,40,5,118716.41421318054,6485.122203826904,5
1850000,40,10,146118.31283569336,46969.19393539429,5
1850000,100,3,115976.77397727966,997.9588985443118,5
1850000,100,5,121864.03679847714,9262.579441070557,5
1850000,100,10,151761.72471046448,53408.9879989624,10
1900000,10,3,95593.04785728456,317.655086517334,1
1900000,10,5,106218.66941452026,3804.320812225342,5
1900000,10,10,115555.04727363586,23621.76394462585,5
1900000,40,3,120071.22802734378,702.7604579925537,5
1900000,40,5,126062.71409988403,7071.204662322998,5
1900000,40,10,149175.16899108887,49104.20775413513,5
1900000,100,3,120057.00898170474,945.5976486206057,5
1900000,100,5,131180.92226982117,9666.924476623535,5
1900000,100,10,154808.23588371277,56643.014907836914,10
1950000,10,3,99725.51202774048,334.6831798553467,1
1950000,10,5,109285.64596176147,3833.911180496216,5
1950000,10,10,122758.90970230105,46300.54688453674,5
1950000,40,3,121111.36269569394,722.3222255706787,5
1950000,40,5,148003.52263450623,5376.253843307495,5
1950000,40,10,158281.59475326538,51973.525047302246,5
1950000,100,3,125689.21971321106,954.108715057373,5
1950000,100,5,137457.008600235,10345.608234405518,5
1950000,100,10,161630.7830810547,61269.40417289734,10
2000000,10,3,102180.522441864,350.51894187927246,1
2000000,10,5,113357.47838020325,4318.686723709106,5
2000000,10,10,129112.2510433197,27625.542879104607,5
2000000,40,3,124387.04061508182,739.8109436035156,5
2000000,40,5,168656.81958198547,5713.434457778931,5
2000000,40,10,163916.58687591553,54907.82809257507,5
2000000,100,3,156829.44536209106,1095.008134841919,5
2000000,100,5,136906.54277801514,10842.48185157776,5
2000000,100,10,162896.7320919037,61551.53393745422,10
2050000,10,3,107679.31461334229,368.4980869293213,1
2050000,10,5,120377.8908252716,4626.898765563965,5
2050000,10,10,132576.66635513306,27289.52980041504,5
2050000,40,3,127436.77616119382,812.7987384796143,5
2050000,40,5,144747.85542488098,5834.834098815918,5
2050000,40,10,166920.4924106598,58587.40949630737,5
2050000,100,3,133133.25428962708,1739.6583557128906,5
2050000,100,5,145117.329120636,10791.621208190918,5
2050000,100,10,170883.8131427765,63819.666147232056,10
2100000,10,3,109344.09761428832,385.9899044036865,1
2100000,10,5,123846.96578979492,4471.390962600708,5
2100000,10,10,132719.66862678528,60513.14735412598,5
2100000,40,3,135028.05733680725,885.5769634246826,5
2100000,40,5,147780.34567832947,8373.265027999878,5
2100000,40,10,184491.76025390625,59310.1487159729,5
2100000,100,3,139641.75128936768,1031.3670635223389,5
2100000,100,5,149399.8420238495,11279.196739196776,5
2100000,100,10,174714.87641334534,67212.60452270508,10
2150000,10,3,111313.71140480042,404.19745445251465,1
2150000,10,5,128905.07578849792,4663.498401641846,5
2150000,10,10,140418.603181839,59909.8756313324,5
2150000,40,3,139810.4212284088,844.2792892456055,5
2150000,40,5,147905.28273582458,8299.532413482666,5
2150000,40,10,178840.48342704773,61854.127645492554,5
2150000,100,3,144158.376455307,1196.5689659118652,5
2150000,100,5,156955.69348335266,12137.760877609251,5
2150000,100,10,182013.98086547852,69849.94769096375,10
2200000,10,3,115586.88879013062,422.1618175506592,1
2200000,10,5,132019.57321166992,4903.194427490234,5
2200000,10,10,145413.85626792908,30734.740018844604,5
2200000,40,3,143680.65333366394,890.2709484100342,5
2200000,40,5,154486.96374893188,8668.081760406494,5
2200000,40,10,192156.6631793976,63753.10015678406,5
2200000,100,3,150462.58330345154,1229.7604084014893,5
2200000,100,5,161970.91102600098,12559.818506240845,5
2200000,100,10,185164.93129730225,73658.29658508301,10
2250000,10,3,120444.269657135,441.0216808319092,1
2250000,10,5,133903.85341644287,3912.656545639038,5
2250000,10,10,149607.95283317566,32335.866451263428,5
2250000,40,3,144239.80712890625,1039.6475791931152,5
2250000,40,5,158951.31015777588,8904.054880142212,5
2250000,40,10,192510.80751419067,70460.78276634216,5
2250000,100,3,158488.1250858307,1264.3389701843262,5
2250000,100,5,171862.39433288574,12690.207958221436,5
2250000,100,10,195252.50625610352,76695.62482833862,10
2300000,10,3,125847.05114364624,460.56294441223145,1
2300000,10,5,136648.3438014984,4048.694372177124,5
2300000,10,10,156222.3515510559,33719.56276893616,5
2300000,40,3,150770.2407836914,1038.0377769470217,5
2300000,40,5,162476.5636920929,9337.615251541138,5
2300000,40,10,197852.01859474185,70764.0974521637,5
2300000,100,3,161905.23076057434,1276.5991687774658,5
2300000,100,5,178875.23770332336,12926.430463790894,5
2300000,100,10,202235.96358299255,79949.63455200195,10
2350000,10,3,127382.04407691956,504.7876834869385,1
2350000,10,5,146937.6106262207,4525.118589401245,5
2350000,10,10,163522.68362045288,35207.58676528931,5
2350000,40,3,155450.6049156189,1082.6735496520996,5
2350000,40,5,170939.67509269714,9564.526319503784,5
2350000,40,10,203364.40658569336,79988.32869529724,5
2350000,100,3,167920.05133628845,1370.0125217437744,5
2350000,100,5,177209.33890342712,14089.320659637451,5
2350000,100,10,206981.32371902463,82726.0422706604,10
2400000,10,3,131699.41639900208,525.4666805267334,1
2400000,10,5,148588.94062042236,4719.664096832275,5
2400000,10,10,165546.3409423828,36726.80449485779,5
2400000,40,3,159753.97300720215,1597.28741645813,5
2400000,40,5,172794.04616355896,9990.293264389038,5
2400000,40,10,209918.3166027069,76382.96556472778,5
2400000,100,3,174361.35292053223,1742.1660423278809,5
2400000,100,5,181273.8711833954,14347.159624099731,5
2400000,100,10,211458.7104320526,84773.66638183594,10
2450000,10,3,131346.13943099976,546.8423366546631,1
2450000,10,5,150004.39596176147,4848.2725620269775,5
2450000,10,10,169809.14759635925,38015.254735946655,5
2450000,40,3,168869.5931434631,1204.8754692077637,5
2450000,40,5,180450.69932937625,10825.763940811155,5
2450000,40,10,215101.21655464172,79693.34650039673,5
2450000,100,3,176591.6073322296,1406.8856239318848,5
2450000,100,5,203909.59453582764,14450.390338897701,5
2450000,100,10,217137.51530647284,88765.88821411133,10
2500000,10,3,137355.2701473236,568.2868957519531,1
2500000,10,5,152530.57265281677,5853.242874145508,5
2500000,10,10,176535.33458709717,39577.76689529419,5
2500000,40,3,166054.36205863953,1247.2107410430908,5
2500000,40,5,181779.97589111328,10644.165754318235,5
2500000,40,10,222755.24473190308,85667.21725463867,5
2500000,100,3,188890.5520439148,1522.8447914123535,5
2500000,100,5,203797.98126220703,15788.83409500122,5
2500000,100,10,225196.3324546814,93282.07349777222,10
2550000,10,3,141701.28655433655,590.3220176696777,1
2550000,10,5,158297.0838546753,6082.934379577637,5
2550000,10,10,180100.77905654907,41147.66716957092,5
2550000,40,3,175537.93692588806,1268.7392234802246,5
2550000,40,5,189957.2253227234,11182.981252670288,5
2550000,40,10,230424.61800575256,87366.65511131287,5
2550000,100,3,202043.8437461853,1628.899097442627,5
2550000,100,5,208824.53680038452,15356.614351272587,5
2550000,100,10,231408.26725959772,99537.0740890503,10
2600000,10,3,146641.4966583252,614.3505573272705,1
2600000,10,5,159727.92172431946,6175.628423690796,5
2600000,10,10,190677.20532417297,42633.58187675476,5
2600000,40,3,174272.90511131287,1369.2731857299805,5
2600000,40,5,191250.73075294495,11240.065813064575,5
2600000,40,10,238125.95200538635,88675.38166046143,5
2600000,100,3,201600.06713867188,1785.8903408050537,5
2600000,100,5,214902.99606323236,16224.545240402222,5
2600000,100,10,239355.57961463928,100043.17355155943,10
2650000,10,3,150233.71028900146,636.8749141693115,1
2650000,10,5,170446.58946990967,6355.880975723267,5
2650000,10,10,194309.13925170896,44224.860191345215,5
2650000,40,3,183554.4791221619,1428.4992218017578,5
2650000,40,5,200864.68482017517,11778.6865234375,5
2650000,40,10,242629.21977043152,93280.35235404968,5
2650000,100,3,208018.8570022583,1796.1864471435547,5
2650000,100,5,226770.17951011652,16417.33193397522,5
2650000,100,10,250530.38120269775,103597.47529029846,10
2700000,10,3,156486.6108894348,660.3589057922363,1
2700000,10,5,172463.0570411682,6681.932687759399,5
2700000,10,10,197301.26357078552,45851.80401802063,5
2700000,40,3,190874.73440170288,1448.509693145752,5
2700000,40,5,206230.5405139923,12237.080574035645,5
2700000,40,10,259478.5697460174,96787.70899772644,5
2700000,100,3,207525.4099369049,1744.5707321166992,5
2700000,100,5,236742.2416210174,17257.875680923462,5
2700000,100,10,250097.71490097052,106797.25885391235,10
2750000,10,3,157192.0850276947,683.7000846862793,1
2750000,10,5,173354.90012168884,6772.313594818115,5
2750000,10,10,203938.4558200836,47342.721939086914,5
2750000,40,3,196668.74480247495,1506.008863449097,5
2750000,40,5,217627.6969909668,12733.267307281494,5
2750000,40,10,275158.6799621582,99848.31476211548,5
2750000,100,3,215686.39874458313,2037.1959209442143,5
2750000,100,5,298190.3579235077,17713.31238746643,5
2750000,100,10,258610.6517314911,111494.38261985782,10
2800000,10,3,161699.18990135193,709.3431949615479,1
2800000,10,5,177937.93535232544,7147.908687591553,5
2800000,10,10,205966.39752388,49022.950410842896,5
2800000,40,3,202529.53791618347,1634.4425678253174,5
2800000,40,5,221750.43559074396,13296.99683189392,5
2800000,40,10,282958.0354690552,109758.80455970764,5
2800000,100,3,221259.42611694336,1947.6993083953853,5
2800000,100,5,324077.2862434387,18088.346242904663,5
2800000,100,10,264702.7268409729,118118.31831932068,10
2850000,10,3,210233.012676239,735.6114387512207,1
2850000,10,5,185220.0722694397,7648.968696594238,5
2850000,10,10,268957.8058719635,50275.859355926514,5
2850000,40,3,207094.25163269043,1566.8210983276367,5
2850000,40,5,223361.91725730896,14127.708435058594,5
2850000,40,10,277942.3303604126,105776.75318717957,5
2850000,100,3,228820.0705051422,2018.384456634522,5
2850000,100,5,304674.44825172424,18354.58278656006,5
2850000,100,10,270765.2356624603,117239.59279060364,10
2900000,10,3,207852.94461250305,759.9639892578125,1
2900000,10,5,192004.2402744293,7370.997190475464,5
2900000,10,10,266792.4809455872,52382.842779159546,5
2900000,40,3,212634.11808013916,1696.18821144104,5
2900000,40,5,232409.26909446716,14116.0306930542,5
2900000,40,10,287807.4724674225,110718.37997436523,5
2900000,100,3,233624.85909461975,1858.3674430847168,5
2900000,100,5,308038.5468006134,18824.96023178101,5
2900000,100,10,278515.1307582855,121014.22810554504,10
2950000,10,3,242100.8129119873,785.3460311889648,1
2950000,10,5,191880.3286552429,7514.85276222229,5
2950000,10,10,270164.30497169495,54200.55389404297,5
2950000,40,3,224040.6551361084,1785.86745262146,5
2950000,40,5,233578.44972610468,14346.306085586548,5
2950000,40,10,292860.5287075043,113888.46373558044,5
2950000,100,3,240856.78148269653,2071.8181133270264,5
2950000,100,5,317289.41774368286,19562.24822998047,5
2950000,100,10,284979.92491722107,91003.34095954896,10
3000000,10,3,223114.4661903381,811.4984035491943,1
3000000,10,5,198295.63331604004,7926.20325088501,5
3000000,10,10,273727.32067108154,55600.32725334169,5
3000000,40,3,221654.17671203613,1802.8762340545659,5
3000000,40,5,243088.84811401367,14707.91220664978,5
3000000,40,10,296026.67236328125,117334.65337753296,5
3000000,100,3,245868.57223510748,2550.1227378845215,5
3000000,100,5,327616.6560649872,21029.57510948181,5
3000000,100,10,289870.8071708679,92979.88986968994,10
3050000,10,3,254039.67595100403,838.7372493743896,1
3050000,10,5,204854.44593429565,8047.626972198486,5
3050000,10,10,281590.8627510071,57358.58964920044,5
3050000,40,3,229055.9642314911,1817.5609111785889,5
3050000,40,5,254028.5496711731,15982.501983642578,5
3050000,40,10,306108.362197876,126978.19113731384,5
3050000,100,3,250666.241645813,2259.0267658233643,5
3050000,100,5,327135.85233688354,20754.392385482788,5
3050000,100,10,301399.89399909973,134018.96238327026,10
3100000,10,3,243648.5021114349,865.1258945465088,1
3100000,10,5,207250.3535747528,8345.807075500488,5
3100000,10,10,283258.5406303406,59034.01446342468,5
3100000,40,3,234281.67271614075,1946.325302124023,5
3100000,40,5,257085.1662158966,16719.714164733887,5
3100000,40,10,310248.19588661194,124980.4611206055,5
3100000,100,3,256872.891664505,1490.3366565704346,5
3100000,100,5,334641.1633491516,21621.38080596924,5
3100000,100,10,303197.4835395813,144203.84979248047,10
3150000,10,3,234791.67675971985,893.8212394714355,1
3150000,10,5,209752.28309631348,8549.290895462036,5
3150000,10,10,290495.3935146332,61055.225133895874,5
3150000,40,3,242100.3348827362,2194.7195529937744,5
3150000,40,5,258457.79418945312,16206.673383712769,5
3150000,40,10,321640.60974121094,127439.89086151126,5
3150000,100,3,284328.0382156372,1778.496503829956,5
3150000,100,5,345837.26143836975,22297.15085029602,5
3150000,100,10,313036.4351272583,141492.67148971558,10
3200000,10,3,264316.5020942688,920.87721824646,1
3200000,10,5,213547.74451255804,8688.267707824707,5
3200000,10,10,296576.2975215912,62720.21794319153,5
3200000,40,3,244101.27687454224,1958.9638710021973,5
3200000,40,5,268963.05775642395,16630.37395477295,5
3200000,40,10,324129.43172454834,131543.6146259308,5
3200000,100,3,267526.3695716858,1844.1746234893803,5
3200000,100,5,357330.51085472107,22636.45601272583,5
3200000,100,10,321718.7178134918,150704.16593551636,10
3250000,10,3,269712.1036052704,948.9626884460448,1
3250000,10,5,220109.68732833868,8655.039072036743,5
3250000,10,10,302921.99206352234,64728.25026512146,5
3250000,40,3,247678.9755821228,2025.524377822876,5
3250000,40,5,273486.6154193878,17816.76959991455,5
3250000,40,10,332522.6557254791,137263.4837627411,5
3250000,100,3,272374.37200546265,2264.24503326416,5
3250000,100,5,366129.7504901886,23025.192737579346,5
3250000,100,10,330697.3078250885,151421.08249664307,10
3300000,10,3,251871.3777065277,978.7194728851318,1
3300000,10,5,225570.13487815857,8949.34368133545,5
3300000,10,10,309137.2873783112,66520.23482322693,5
3300000,40,3,255632.16161727905,2151.9694328308105,5
3300000,40,5,282681.316614151,18677.76989936829,5
3300000,40,10,346505.46860694885,139201.2236118317,5
3300000,100,3,279905.46464920044,2311.5105628967285,5
3300000,100,5,368681.78033828735,23897.39418029785,5
3300000,100,10,337389.3964290619,152933.15029144287,10
3350000,10,3,254750.71144104004,1009.608030319214,1
3350000,10,5,235243.52645874023,9321.305751800535,5
3350000,10,10,314516.9310569763,68349.07126426697,5
3350000,40,3,262029.50859069824,2307.9428672790527,5
3350000,40,5,286559.41367149353,18979.753017425537,5
3350000,40,10,348588.255405426,144138.75198364258,5
3350000,100,3,285668.1938171387,2406.3150882720947,5
3350000,100,5,372849.3688106537,24230.326414108276,5
3350000,100,10,340776.5963077545,159216.61019325256,10
3400000,10,3,260726.84168815613,1037.547588348389,1
3400000,10,5,236064.72539901733,9447.384595870972,5
3400000,10,10,321855.9374809265,70160.05063056946,5
3400000,40,3,268161.0760688782,2264.740228652954,5
3400000,40,5,292305.91225624084,18912.989854812626,5
3400000,40,10,361709.9332809448,146690.68121910095,5
3400000,100,3,294301.49269104004,2493.421792984009,5
3400000,100,5,389612.4405860901,25855.535745620728,5
3400000,100,10,347443.83692741394,162015.06066322327,10
3450000,10,3,260956.77542686465,1069.15283203125,1
3450000,10,5,239300.51517486566,10174.766540527344,5
3450000,10,10,323182.813167572,72382.81083106995,5
3450000,40,3,275615.2150630951,2313.948392868042,5
3450000,40,5,303380.4659843445,19030.145406723022,5
3450000,40,10,358479.75158691406,153063.0133152008,5
3450000,100,3,295951.21693611145,2748.162031173706,5
3450000,100,5,389940.7048225403,26017.34471321106,5
3450000,100,10,358582.0918083191,174606.52017593384,10
3500000,10,3,233534.73377227783,1099.799394607544,1
3500000,10,5,248050.636768341,9836.324453353882,5
3500000,10,10,329140.9184932709,74388.61155509949,5
3500000,40,3,287156.51535987854,2311.6695880889893,5
3500000,40,5,304600.4695892334,19257.930994033813,5
3500000,40,10,372022.47166633606,159370.47910690308,5
3500000,100,3,303158.4122180939,2515.4166221618652,5
3500000,100,5,397114.3493652344,26226.91559791565,5
3500000,100,10,365705.2953243256,172869.02952194214,10
3550000,10,3,238271.10052108765,1131.2706470489502,1
3550000,10,5,253183.70604515082,10169.270992279053,5
3550000,10,10,337646.75760269165,76248.9595413208,5
3550000,40,3,291911.0472202301,2371.696949005127,5
3550000,40,5,311782.0553779602,19708.760499954224,5
3550000,40,10,382286.58533096313,162483.88147354126,5
3550000,100,3,307799.8878955841,2569.69952583313,5
3550000,100,5,391129.940032959,27064.609050750732,5
3550000,100,10,375127.0303726196,175391.9816017151,10
3600000,10,3,242968.57142448425,1161.576271057129,1
3600000,10,5,256284.67273712164,10283.82444381714,5
3600000,10,10,343410.7139110565,78253.79967689514,5
3600000,40,3,299989.12143707275,2535.090684890747,5
3600000,40,5,315727.3602485657,20074.235439300537,5
3600000,40,10,388701.2641429901,178395.0433731079,5
3600000,100,3,319942.92163848877,2711.867570877075,5
3600000,100,5,421555.8409690857,27559.92341041565,5
3600000,100,10,384350.1250743866,180670.8905696869,10
3650000,10,3,252008.0761909485,1193.4940814971924,1
3650000,10,5,271270.0879573822,10589.614868164062,5
3650000,10,10,350854.1502952576,80243.20602416992,5
3650000,40,3,300686.9857311249,2601.414918899536,5
3650000,40,5,321191.01643562317,20787.651777267456,5
3650000,40,10,392170.7322597504,175526.39293670654,5
3650000,100,3,336035.85624694824,2708.676815032959,5
3650000,100,5,417581.2454223633,28041.86725616455,5
3650000,100,10,393928.8513660431,185162.28652000427,10
3700000,10,3,256340.90852737427,1225.2769470214844,1
3700000,10,5,270909.3713760376,11363.950967788696,5
3700000,10,10,358046.5524196625,82522.53437042236,5
3700000,40,3,310351.89175605774,3015.549659729004,5
3700000,40,5,331468.6379432678,21305.686712265015,5
3700000,40,10,408374.746799469,186567.6987171173,5
3700000,100,3,341223.886013031,2807.481050491333,5
3700000,100,5,424877.836227417,28954.152822494507,5
3700000,100,10,400606.8947315216,189421.1995601654,10
3750000,10,3,261917.29474067688,1257.821798324585,1
3750000,10,5,292133.2128047943,11052.822828292848,5
3750000,10,10,367612.9615306854,84399.83344078064,5
3750000,40,3,321127.18510627747,3039.271831512451,5
3750000,40,5,341891.2796974182,21948.928833007812,5
3750000,40,10,408585.3319168091,180449.52034950256,5
3750000,100,3,337111.6256713867,2926.7067909240723,5
3750000,100,5,434487.4165058136,29980.3466796875,5
3750000,100,10,414461.4682197571,194251.7442703247,10
3800000,10,3,263584.64646339417,1292.6533222198486,1
3800000,10,5,281136.47198677063,11361.472606658936,5
3800000,10,10,373557.2335720062,86824.50032234192,5
3800000,40,3,316198.9333629608,2953.645944595337,5
3800000,40,5,348609.39264297485,22473.958730697632,5
3800000,40,10,462149.36232566833,187905.92074394223,5
3800000,100,3,345105.29685020447,3213.7937545776367,5
3800000,100,5,437663.8767719269,29503.321170806885,5
3800000,100,10,421270.3924179077,200455.9826850891,10
3850000,10,3,266561.7587566376,1325.4685401916504,1
3850000,10,5,287948.4717845917,11468.550443649292,5
3850000,10,10,378615.8225536346,88866.01376533508,5
3850000,40,3,320807.74307250977,2880.519390106201,5
3850000,40,5,353095.0951576233,22629.77647781372,5
3850000,40,10,434977.4947166443,186132.8568458557,5
3850000,100,3,350784.7354412079,3537.534236907959,5
3850000,100,5,428607.2115898131,31482.377529144287,5
3850000,100,10,432638.26036453247,206267.11583137512,10
3900000,10,3,276256.1466693878,1358.7684631347656,1
3900000,10,5,294389.2843723297,11580.737590789797,5
3900000,10,10,385258.008480072,90903.33461761476,5
3900000,40,3,328694.91147994995,3006.763219833374,5
3900000,40,5,361585.3250026703,23352.95343399048,5
3900000,40,10,445636.63148880017,190508.0888271332,5
3900000,100,3,355222.1186161041,3277.543067932129,5
3900000,100,5,442198.5328197479,30908.758640289307,5
3900000,100,10,446717.13376045215,209924.93987083435,10
3950000,10,3,280314.6319389343,1393.4636116027832,1
3950000,10,5,302560.1110458374,11858.692646026611,5
3950000,10,10,391073.19617271423,92951.41172409058,5
3950000,40,3,332320.88971138,2965.9574031829834,5
3950000,40,5,369447.1278190613,23630.04469871521,5
3950000,40,10,450521.0349559784,196103.91354560852,5
3950000,100,3,368786.9002819061,3137.1805667877197,5
3950000,100,5,448684.82422828674,31634.710550308228,5
3950000,100,10,453024.4309902191,216993.47686767572,10
4000000,10,3,287123.71253967285,1430.2213191986084,1
4000000,10,5,306369.9927330017,12257.445335388184,5
4000000,10,10,404306.6439628601,95824.15175437929,5
4000000,40,3,343677.4036884308,3242.3582077026367,5
4000000,40,5,373408.0288410187,24427.135467529297,5
4000000,40,10,457608.70695114136,201364.6144866943,5
4000000,100,3,374119.4436550141,3236.7966175079346,5
4000000,100,5,464311.9885921478,32201.47204399109,5
4000000,100,10,462081.5749168396,220246.0629940033,10
4050000,10,3,286311.5198612213,1465.1241302490234,1
4050000,10,5,313721.7483520508,12761.584997177124,5
4050000,10,10,403506.0904026032,97708.53686332704,5
4050000,40,3,348677.6397228241,3145.0650691986084,5
4050000,40,5,380354.76088523865,24939.34416770935,5
4050000,40,10,472993.67904663086,221412.348985672,5
4050000,100,3,386768.21637153625,3292.3524379730225,5
4050000,100,5,464195.4686641693,34816.176652908325,5
4050000,100,10,467913.8534069061,227697.30234146124,10
4100000,10,3,288919.6741580963,1499.6724128723145,1
4100000,10,5,317660.42017936707,12778.23042869568,5
4100000,10,10,412489.6426200866,100371.19340896606,5
4100000,40,3,351913.6862754822,3171.4928150177,5
4100000,40,5,388776.12829208374,26549.51977729798,5
4100000,40,10,477736.63210868824,213013.816356659,5
4100000,100,3,392096.63367271423,4039.69144821167,5
4100000,100,5,470483.8149547577,34154.63662147522,5
4100000,100,10,484233.25300216675,233811.31291389465,10
4150000,10,3,299482.3589324951,1537.1928215026855,1
4150000,10,5,325981.97889328003,14152.357578277588,5
4150000,10,10,420744.93765830994,102716.85242652892,5
4150000,40,3,354530.0099849701,3258.559226989746,5
4150000,40,5,396018.16511154175,26471.78030014038,5
4150000,40,10,518848.14047813416,215501.70707702637,5
4150000,100,3,405392.96436309814,3446.8722343444824,5
4150000,100,5,464324.8665332794,34302.117109298706,5
4150000,100,10,485861.465215683,237818.17483901972,10
4200000,10,3,303336.4689350128,1573.3509063720703,1
4200000,10,5,331009.76371765137,14521.108627319336,5
4200000,10,10,426638.329744339,104555.9628009796,5
4200000,40,3,369220.67189216614,3318.1374073028564,5
4200000,40,5,406259.75251197815,26209.941864013672,5
4200000,40,10,499553.72190475464,234975.13055801392,5
4200000,100,3,410203.9518356323,3562.6726150512695,5
4200000,100,5,471934.2412948607,35295.21441459656,5
4200000,100,10,499248.1734752655,249850.0280380249,10
4250000,10,3,309947.67332077026,1611.2723350524902,1
4250000,10,5,333657.91749954224,13843.93858909607,5
4250000,10,10,435054.80790138256,107415.72713851929,5
4250000,40,3,373514.6009922027,3302.8759956359863,5
4250000,40,5,411824.84769821167,27162.02735900879,5
4250000,40,10,505773.5321521759,225900.54988861084,5
4250000,100,3,414592.76247024536,3575.270414352417,5
4250000,100,5,496435.5483055115,37646.80099487305,5
4250000,100,10,504210.280418396,252567.9018497467,10
4300000,10,3,311889.6539211273,1648.4615802764893,1
4300000,10,5,341866.5988445282,14354.305505752563,5
4300000,10,10,442054.58426475537,109634.70983505246,5
4300000,40,3,376299.5481491089,3533.557653427124,5
4300000,40,5,422849.34878349304,27893.69320869445,5
4300000,40,10,525028.8183689117,231534.19995307917,5
4300000,100,3,416557.1072101593,3691.741466522217,5
4300000,100,5,501194.5102214813,36962.40544319153,5
4300000,100,10,516733.71171951294,253182.1835041046,10
4350000,10,3,324302.94013023376,1685.547113418579,1
4350000,10,5,348780.6088924408,14240.463733673096,5
4350000,10,10,451619.3881034851,112366.06979370114,5
4350000,40,3,387854.6316623688,3670.512914657593,5
4350000,40,5,430406.1448574066,30037.30082511902,5
4350000,40,10,544766.6773796082,247123.17991256708,5
4350000,100,3,423620.2483177185,4028.911352157593,5
4350000,100,5,511405.4069519043,37048.916816711426,5
4350000,100,10,527869.6217536926,257409.40713882452,10
4400000,10,3,326487.9765510559,1724.0629196166992,1
4400000,10,5,355655.4112434387,15914.96229171753,5
4400000,10,10,459073.4450817108,114298.41780662537,5
4400000,40,3,398859.6761226654,3642.043113708496,5
4400000,40,5,430413.3470058441,28332.659006118774,5
4400000,40,10,594409.9621772766,241285.25686264044,5
4400000,100,3,427605.3535938263,3857.1677207946777,5
4400000,100,5,505850.7616519928,37934.157609939575,5
4400000,100,10,534252.2993087769,264987.26320266724,10
4450000,10,3,333264.4758224488,1761.9974613189695,1
4450000,10,5,363839.4601345062,15123.436689376835,5
4450000,10,10,467379.0147304535,116859.83920097354,5
4450000,40,3,401688.3783340454,3713.254690170288,5
4450000,40,5,447968.0485725403,28779.396772384644,5
4450000,40,10,542228.1663417816,245397.09401130676,5
4450000,100,3,433240.26346206665,3929.474115371704,5
4450000,100,5,526444.708108902,39715.30318260193,5
4450000,100,10,548358.7334156036,272132.94672966003,10
4500000,10,3,361258.7656974793,1800.8582592010498,1
4500000,10,5,370179.1641712189,15266.247510910034,5
4500000,10,10,478605.59272766113,119449.53727722168,5
4500000,40,3,418279.0992259979,3978.8973331451416,5
4500000,40,5,452478.080034256,30814.08977508545,5
4500000,40,10,553554.7676086426,252567.0108795166,5
4500000,100,3,445034.042596817,3976.58371925354,5
4500000,100,5,526105.584859848,39942.93999671936,5
4500000,100,10,556546.4906692505,276643.4621810913,10
4550000,10,5,375107.8736782074,15008.094787597656,5
4550000,10,10,486730.6528091432,122208.21714401242,5
4550000,40,3,423009.76037979126,3869.840383529663,5
4550000,40,5,458737.7767562866,29898.58078956604,5
4550000,40,10,563617.5153255463,273588.06252479553,5
4550000,100,3,449246.1302280426,4020.6806659698486,5
4550000,100,5,557337.5635147095,42474.838733673096,5
4550000,100,10,567753.4668445587,282108.7169647217,10
4600000,10,5,380839.7414684296,15359.047651290894,5
4600000,10,10,490616.4484024048,124394.43778991702,5
4600000,40,3,422448.3106136322,4035.6030464172354,5
4600000,40,5,463161.1578464508,30439.276695251465,5
4600000,40,10,572748.8677501678,258813.73262405396,5
4600000,100,3,458183.2101345062,4892.596483230591,5
4600000,100,5,555525.764465332,40907.4501991272,5
4600000,100,10,576220.2882766724,286005.77902793884,10
4650000,10,5,394398.0963230133,15980.134963989258,5
4650000,10,10,504476.7870903015,127140.6090259552,5
4650000,40,3,433068.01557540894,4188.8487339019775,5
4650000,40,5,475900.0136852263,31738.37637901306,5
4650000,40,10,580390.0694847107,266450.02007484436,5
4650000,100,3,464357.2108745575,4236.5241050720215,5
4650000,100,5,561248.7530708313,42629.255056381226,5
4650000,100,10,590030.8368206024,291941.606760025,10
4700000,10,5,393434.5467090607,17556.201934814453,5
4700000,10,10,501721.50230407726,129337.21876144406,5
4700000,40,3,434907.3395729065,4194.441318511963,5
4700000,40,5,484970.73888778687,32189.737796783447,5
4700000,40,10,596730.4961681366,270785.1252555847,5
4700000,100,3,473053.6913871765,4274.094581604004,5
4700000,100,5,561985.2828979492,43391.156911849976,5
4700000,100,10,602084.4333171844,299534.2321395874,10
4750000,10,5,400218.8522815704,16773.441076278687,5
4750000,10,10,507779.51979637146,132086.0664844513,5
4750000,40,3,437671.6289520265,4377.225399017334,5
4750000,40,5,486963.1462097168,32471.874713897705,5
4750000,40,10,625990.4067516327,277333.8210582733,5
4750000,100,3,477752.4354457855,4298.441171646118,5
4750000,100,5,586563.3409023285,44764.16277885437,5
4750000,100,10,605635.9295845032,304314.44907188416,10
4800000,10,5,404505.1944255829,17048.908710479736,5
4800000,10,10,516856.6267490387,134745.35751342773,5
4800000,40,3,442392.95649528503,4588.459491729736,5
4800000,40,5,489486.6421222687,34711.80868148804,5
4800000,40,10,612260.2951526642,279382.70807266235,5
4800000,100,3,491164.7455692291,5031.205177307129,5
4800000,100,5,593487.3826503754,45488.5528087616,5
4800000,100,10,620130.9108734131,310756.92892074585,10
4850000,10,5,413257.2226524353,17609.58456993103,5
4850000,10,10,524535.3789329529,137478.5270690918,5
4850000,40,3,460791.8906211853,4475.1386642456055,5
4850000,40,5,501197.4186897278,33811.06185913086,5
4850000,40,10,620785.4959964752,288281.7804813385,5
4850000,100,3,499581.8350315094,4570.810794830322,5
4850000,100,5,642192.8067207336,45468.512773513794,5
4850000,100,10,628665.4706001282,316888.0994319916,10
4900000,10,5,422162.584066391,17479.65121269226,5
4900000,10,10,517496.92821502686,140599.8935699463,5
4900000,40,3,471243.2963848114,4836.7908000946045,5
4900000,40,5,515122.5664615631,34044.15774345398,5
4900000,40,10,641103.2810211182,304312.4666213989,5
4900000,100,3,508371.28925323486,4857.161045074463,5
4900000,100,5,639582.2021961212,46688.820362091064,5
4900000,100,10,638779.6785831451,332310.3139400482,10
4950000,10,5,428639.52922821057,17489.06421661377,5
4950000,10,10,525105.2489280701,142803.4315109253,5
4950000,40,3,469412.9333496094,4602.886438369751,5
4950000,40,5,657155.9991836548,35278.28121185303,5
4950000,40,10,663226.978302002,314342.0686721802,5
4950000,100,3,522102.33068466187,4703.531503677368,5
4950000,100,5,606357.4657440186,47689.64409828186,5
4950000,100,10,657157.2842597961,332798.07806015015,10
5000000,10,3,428184.23104286194,2335.6056213378906,1
5000000,10,5,445221.1563587189,19243.97230148315,5
5000000,10,10,542903.8207530975,145348.70624542236,5
5000000,40,3,476236.28306388855,4832.057237625122,5
5000000,40,5,652110.1424694061,35597.410440444946,5
5000000,40,10,659339.0805721283,322571.31481170654,5
5000000,100,3,523003.8237571715,5114.150524139404,5
5000000,100,5,626001.4543533325,48563.72594833374,5
5000000,100,10,666865.5807971954,336132.25507736206,10
5050000,10,3,436172.5525856018,2267.387866973877,1
5050000,10,5,441373.12269210815,17868.284940719604,5
5050000,10,10,551943.131685257,148113.96646499634,5
5100000,10,3,447705.313205719,2306.660890579224,1
5100000,10,5,446493.07012557983,19195.258855819706,5
5100000,10,10,559200.8872032166,150921.8192100525,5
5150000,10,3,451793.3509349823,2487.663984298706,1
5150000,10,5,453224.72286224365,19392.94123649597,5
5150000,10,10,563781.0537815094,153588.77730369568,5
5200000,10,3,421221.00257873535,2534.017562866211,1
5200000,10,5,473054.6131134033,19049.697399139404,5
5200000,10,10,584763.2100582123,156603.00087928772,5
5250000,10,3,432853.9395332336,2584.3069553375244,1
5250000,10,5,470887.6898288727,19024.29890632629,5
5250000,10,10,579508.2235336304,159610.43214797974,5
5300000,10,3,433975.7521152496,2632.178544998169,1
5300000,10,5,480280.5845737457,19330.72113990784,5
5300000,10,10,575048.7549304962,162741.46699905396,5
5350000,10,3,447296.7901229858,2682.3670864105225,1
5350000,10,5,489341.6697978972,19564.37659263611,5
5350000,10,10,583270.1101303101,165791.11766815186,5
5400000,10,3,440132.9619884491,2731.6813468933105,1
5400000,10,5,497526.34716033936,19799.113988876343,5
5400000,10,10,603494.702577591,168120.13173103333,5
5450000,10,3,453004.3001174927,2781.681776046753,1
5450000,10,5,503849.1439819336,20972.586631774902,5
5450000,10,10,602141.6139602661,171289.79325294495,5
5500000,10,3,497151.4070034027,3813.345193862915,1
5500000,10,5,506113.4679317473,20351.465225219727,5
5500000,10,10,611524.7473716736,174044.63624954224,5
5550000,10,3,576825.781583786,5694.595813751221,1
5550000,10,5,522632.33637809753,20791.56255722046,5
5550000,10,10,622351.8314361572,177348.28209877014,5
5600000,10,3,579702.691078186,5621.1998462677,1
5600000,10,5,528897.3104953766,21216.58682823181,5
5600000,10,10,630292.4392223358,179977.10704803467,5
5650000,10,3,563962.8350734711,5718.716382980347,1
5650000,10,5,537838.4675979614,21449.594736099243,5
5650000,10,10,642794.8093414307,182978.9378643036,5
5700000,10,3,581544.0566539764,5771.961450576782,1
5700000,10,5,540753.121137619,22267.385005950928,5
5700000,10,10,651609.461069107,185852.36120224,5
5750000,10,3,594315.9096240997,5939.078569412231,1
5750000,10,5,550330.4100036621,22308.92586708069,5
5750000,10,10,671421.5662479401,189878.80444526672,5
5800000,10,3,602253.5111904144,6027.769088745117,1
5800000,10,5,557852.7100086212,25012.40873336792,5
5800000,10,10,662503.6799907684,192136.94024086,5
5850000,10,3,609968.7333106995,6120.132923126221,1
5850000,10,5,556392.6177024841,22784.390926361084,5
5850000,10,10,672677.6180267334,195410.03131866452,5
5900000,10,3,623403.3415317535,6234.151601791382,1
5900000,10,5,567703.307390213,23039.008140563965,5
5900000,10,10,683052.5681972504,198540.42196273804,5
5950000,10,3,615183.6259365082,6289.573907852173,1
5950000,10,5,581653.660774231,23534.25645828247,5
5950000,10,10,697962.2058868408,251286.0131263733,5
6000000,10,3,630689.2092227936,6459.774971008301,1
6000000,10,5,588412.8711223602,26033.594846725464,5
6000000,10,10,705433.8731765747,255805.92823028564,5
6050000,10,3,638399.8329639435,6540.641784667969,1
6050000,10,5,601290.3583049774,24348.58775138855,5
6050000,10,10,715716.151714325,259818.09282302856,5
6100000,10,3,644796.0877418518,6944.463014602661,1
6100000,10,5,607114.3536567688,24724.33590888977,5
6100000,10,10,749142.2538757324,211448.30632209772,5
6150000,10,3,648171.2362766266,6733.739614486694,1
6150000,10,5,611867.467880249,25952.31771469116,5
6150000,10,10,760924.1571426392,214673.8142967224,5
6200000,10,3,650920.2764034271,6875.494480133057,1
6200000,10,5,617526.4337062836,26775.577545166016,5
6200000,10,10,773345.7796573639,218101.27544403076,5
6250000,10,3,654477.2238731384,6992.01226234436,1
6250000,10,5,627118.1592941284,26265.148639678955,5
6250000,10,10,779885.1432800293,221484.10534858704,5
6300000,10,3,667993.8991069794,7073.570489883423,1
6300000,10,5,653106.0304641724,26147.098779678345,5
6300000,10,10,858724.081993103,224994.97485160828,5
6350000,10,3,685365.5607700348,7178.687810897827,1
6350000,10,5,663737.7078533173,26809.82756614685,5
6350000,10,10,836001.8079280853,227906.3560962677,5
6400000,10,3,694512.2666358948,7344.702959060669,1
6400000,10,5,651190.1662349701,26879.568338394165,5
6400000,10,10,850298.6388206482,231122.172832489,5
6450000,10,3,699154.714345932,7711.943864822388,1
6450000,10,5,660148.9078998566,28258.904457092285,5
6450000,10,10,850472.7363586426,234601.906299591,5
6500000,10,3,704139.5447254181,7478.334665298462,1
6500000,10,5,668581.7785263062,26727.676153182983,5
6500000,10,10,870782.9983234406,238536.6485118866,5
6550000,10,3,722066.2016868591,7635.125160217285,1
6550000,10,5,694028.2940864563,27630.732536315925,5
6550000,10,10,881500.2057552338,241626.6725063324,5
6600000,10,3,718548.8545894623,7838.874340057373,1
6600000,10,5,684350.2683639526,27491.093397140503,5
6600000,10,10,887600.6829738617,244810.15801429749,5
6650000,10,3,734133.0935955048,8214.797258377075,1
6650000,10,5,701329.5331001282,28044.99053955078,5
6650000,10,10,908382.7576637268,248114.98832702637,5
6700000,10,3,746101.979970932,8039.806604385376,1
6700000,10,5,713860.1853847504,28396.83485031128,5
6700000,10,10,906233.9200973513,251916.79000854492,5
6750000,10,3,757588.2229804993,8036.083221435547,1
6750000,10,5,739772.5014686584,28731.31227493286,5
6750000,10,10,919333.5237503052,255855.53169250488,5
6800000,10,3,754730.5021286011,8352.891206741333,1
6800000,10,5,748447.0942020416,28976.088762283325,5
6800000,10,10,928168.2782173154,259536.55171394348,5
6850000,10,3,755916.4185523987,8418.17021369934,1
6850000,10,5,757419.7673797607,29036.295890808105,5
6850000,10,10,949243.8170909882,262487.4837398529,5
6900000,10,3,775037.1499061584,8570.415258407593,1
6900000,10,5,749774.1668224335,29654.131174087524,5
6900000,10,10,952027.3382663729,266601.22656822205,5
6950000,10,3,783856.0683727264,8585.51549911499,1
6950000,10,5,755265.8848762512,30363.269329071045,5
6950000,10,10,970028.960943222,269888.0956172943,5
7000000,10,3,795013.8471126556,8710.464000701904,1
7000000,10,5,770317.0773983002,30548.47407341004,5
7000000,10,10,978550.3914356232,273314.0661716461,5
7050000,10,3,799311.7356300354,8972.12529182434,1
7050000,10,5,778906.8932533264,25793.34211349488,5
7050000,10,10,993494.1544532776,277008.5642337799,5
7100000,10,3,803315.0110244751,9112.086057662964,1
7100000,10,5,787529.6590328217,30215.88134765625,5
7100000,10,10,1002793.8177585602,281291.53537750244,5
7150000,10,3,810930.3729534149,9144.160270690918,1
7150000,10,5,794340.1584625244,30680.877447128296,5
7150000,10,10,1015609.941482544,284827.5988101959,5
7200000,10,3,822126.4855861664,9279.271364212036,1
7200000,10,5,805712.372303009,30983.6905002594,5
7200000,10,10,1031857.9580783844,288118.6316013336,5
7250000,10,3,827156.7957401276,9706.355810165403,1
7250000,10,5,812093.0562019348,31487.183809280403,5
7250000,10,10,1006590.0285243988,291624.1328716278,5
7300000,10,3,844004.6508312225,9549.773693084717,1
7300000,10,5,822816.8864250183,31644.681215286248,5
7300000,10,10,1023443.1812763214,296758.5804462433,5
7350000,10,3,851220.5805778503,9671.84352874756,1
7350000,10,5,835991.0178184509,33835.357666015625,5
7350000,10,10,1035941.4772987366,299634.73320007324,5
7400000,10,3,856037.4939441681,9711.626768112184,1
7400000,10,5,841078.3722400665,32453.59992980957,5
7400000,10,10,1041766.24751091,304195.65081596375,5
7450000,10,3,864178.2994270325,9959.218502044678,1
7450000,10,5,858439.6169185638,33230.88598251343,5
7450000,10,10,1057249.207019806,307804.68225479126,5
7500000,10,3,869543.904542923,10185.179471969604,5
7500000,10,5,865155.3254127502,34752.7220249176,5
7500000,10,10,1066746.5825080872,311889.68086242676,5
7550000,10,3,881364.6948337555,10157.753229141235,5
7550000,10,5,866383.4211826324,33335.66617965698,5
7550000,10,10,1077372.0228672028,314925.78983306885,5
7600000,10,3,892876.7309188843,10291.068077087402,5
7600000,10,5,881446.8464851379,34330.440521240234,5
7600000,10,10,1089547.5735664368,319406.4679145813,5
7650000,10,3,899083.2359790802,10403.662204742432,5
7650000,10,5,891745.7559108734,36019.18315887451,5
7650000,10,10,1110855.672121048,322862.6883029938,5
7700000,10,3,915103.2605171204,10604.142904281616,5
7700000,10,5,910115.3523921969,34165.815591812134,5
7700000,10,10,1114685.5235099792,359711.94314956665,5
7750000,10,3,916027.6019573212,10796.199321746826,5
7750000,10,5,921698.887348175,34937.68262863159,5
7750000,10,10,1133381.700515747,331819.74053382874,5
7800000,10,3,926529.2384624479,10726.750373840332,5
7800000,10,5,934214.7076129911,35245.81480026245,5
7800000,10,10,1141336.5325927734,336089.4498825073,5
7850000,10,3,941962.9962444303,11021.016597747805,5
7850000,10,5,937847.5947380066,35551.40948295593,5
7850000,10,10,1215250.596523285,339930.10354042053,5
7900000,10,3,943159.2655181882,11128.655433654783,5
7900000,10,5,940377.7425289154,36483.89101028442,5
7900000,10,10,1193342.8699970243,343066.8704509735,5
7950000,10,3,950289.3006801603,11749.40824508667,5
7950000,10,5,983700.1595497134,42651.19957923889,5
7950000,10,10,1202803.990840912,348626.05690956116,5
8000000,10,3,974958.1372737885,11382.014751434326,5
8000000,10,5,998082.2503566742,43383.27264785767,5
8000000,10,10,1218941.9116973877,352050.48966407776,5
8050000,10,3,973028.14245224,11551.17893218994,5
8050000,10,5,1009002.7768611908,44495.3920841217,5
8050000,10,10,1223689.348936081,356490.4100894928,5
8100000,10,3,976403.9580821993,11718.915700912476,5
8100000,10,5,1003851.5012264252,43428.795337677,5
8100000,10,10,1242467.5488471985,360174.71623420715,5
8150000,10,3,988875.4217624664,11886.972188949583,5
8150000,10,5,1032329.0958404539,46476.250886917114,5
8150000,10,10,1247133.4059238434,364679.2056560517,5
8200000,10,3,1003415.6544208529,11919.761419296265,5
8200000,10,5,1057483.1700325012,45070.738554000854,5
8200000,10,10,1269896.586418152,368845.8149433136,5
8250000,10,3,1005385.1971626282,12301.55897140503,5
8250000,10,5,1056365.520954132,45143.86582374573,5
8250000,10,10,1294390.9373283386,375767.67683029175,5
8300000,10,3,1003803.1103610992,12480.372190475464,5
8300000,10,5,1059888.9257907867,47186.914920806885,5
8300000,10,10,1302421.1795330048,380001.9936561585,5
8350000,10,3,1019990.2040958405,12449.77068901062,5
8350000,10,5,1108364.4280433657,46465.74139595032,5
8350000,10,10,1308465.505361557,383889.1286849976,5
8400000,10,3,1029363.5439872742,12856.266736984251,5
8400000,10,5,1089213.5922908783,46964.78033065796,5
8400000,10,10,1322472.2878932953,388931.5559864044,5
8450000,10,3,1043082.3888778689,12900.354623794556,5
8450000,10,5,1077135.1153850555,46914.14499282837,5
8450000,10,10,1339291.2447452543,393332.8218460083,5
8500000,10,3,1052284.6817970276,13017.125368118286,5
8500000,10,5,1091285.5343818665,50829.45919036865,5
8500000,10,10,1348800.1022338867,397354.0017604828,5
8550000,10,3,1065247.4944591522,13226.247787475586,5
8550000,10,5,1106442.9461956024,49791.71013832092,5
8550000,10,10,1366936.03682518,401826.4877796173,5
8600000,10,3,1072039.3064022064,13717.726945877075,5
8600000,10,5,1122415.821313858,49487.730503082275,5
8600000,10,10,1377335.3815078735,406178.89738082886,5
8650000,10,3,1087353.881597519,13754.602193832394,5
8650000,10,5,1123431.6091537476,51035.308837890625,5
8650000,10,10,1395365.1328086853,411093.01376342773,5
8700000,10,3,1081543.5144901276,14159.106492996216,5
8700000,10,5,1139663.3417606354,50715.61789512634,5
8700000,10,10,1407367.3009872437,415282.1650505066,5
8750000,10,3,1079399.0981578827,13691.389560699467,5
8750000,10,5,1151156.1386585236,51469.93923187256,5
8750000,10,10,1426867.5129413605,420435.742855072,5
8800000,10,3,1112033.1723690033,14165.14706611633,5
8800000,10,5,1163117.6660060885,54600.989818573,5
8800000,10,10,1439413.203954697,424338.8547897339,5
8850000,10,3,1127086.6515636444,14482.682228088383,5
8850000,10,5,1167907.517671585,52560.73880195618,5
8850000,10,10,1454152.864694595,701904.5135974884,5
8900000,10,3,1129152.6165008545,14775.354385375977,5
8900000,10,5,1197266.340494156,52702.04663276672,5
8900000,10,10,1462917.1051979065,731338.1202220917,5
8950000,10,3,1147888.1635665894,14446.979522705078,5
8950000,10,5,1194852.2527217865,53342.98300743103,5
8950000,10,10,1480733.8168621063,744957.0496082306,5
9000000,10,3,1143809.4222545624,14528.51915359497,5
9000000,10,5,1218372.427225113,53940.66596031189,5
9000000,10,10,1555678.678274155,749087.340593338,5
9050000,10,3,1178368.907213211,15558.03918838501,5
9050000,10,5,1232757.1473121643,53778.05399894714,5
9050000,10,10,1543875.71310997,753882.9290866852,5
9100000,10,3,1178322.1786022186,15001.559972763062,5
9100000,10,5,1249251.0113716123,54834.95569229126,5
9100000,10,10,1507246.700048447,452491.94860458374,5
9150000,10,3,1190505.3226947784,14983.961582183838,5
9150000,10,5,1258208.5967063904,55152.09412574768,5
9150000,10,10,1524896.5916633606,457828.8781642914,5
9200000,10,3,1128113.2154464722,15422.13225364685,5
9200000,10,5,1268486.144065857,55666.72325134277,5
9200000,10,10,1591184.2396259308,461884.3252658844,5
9250000,10,3,1102138.0059719086,15388.168096542358,5
9250000,10,5,1272485.1880073547,55831.46667480469,5
9250000,10,10,1580995.1171875,466635.28966903687,5
9300000,10,3,1120116.61028862,15575.15263557434,5
9300000,10,5,1284004.9788951874,56344.897508621216,5
9300000,10,10,1593688.5750293732,472031.3169956207,5
9350000,10,3,1142294.242620468,16683.242559432983,5
9350000,10,5,1305569.631576538,56668.40720176697,5
9350000,10,10,1612624.162197113,476603.5785675049,5
9400000,10,3,1143658.8287353516,15876.743078231812,5
9400000,10,5,1326623.2764720917,57090.9206867218,5
9400000,10,10,1632174.0658283234,481851.02438926697,5
9450000,10,3,1142205.586194992,16032.126426696774,5
9450000,10,5,1325166.0614013672,60513.80801200867,5
9450000,10,10,1630179.5308589935,486730.16476631176,5
9500000,10,3,1159596.5337753296,16339.704036712646,5
9500000,10,5,1319411.4785194397,58562.04795837402,5
9500000,10,10,1696891.5073871613,492036.43131256104,5
9550000,10,3,1177050.8813858032,16679.678201675415,5
9550000,10,5,1337364.7937774658,58989.627838134766,5
9550000,10,10,1673137.9630565643,496614.0239238739,5
9600000,10,3,1192088.8442993164,17144.203901290894,5
9600000,10,5,1363616.328954697,59343.610763549805,5
9600000,10,10,1689937.8306865692,501540.6720638275,5
9650000,10,3,1192549.294948578,16685.6107711792,5
9650000,10,5,1374935.802936554,59986.57774925232,5
9650000,10,10,1705861.121416092,506531.6753387451,5
9700000,10,3,1209901.0598659515,17475.472927093506,5
9700000,10,5,1392586.770772934,60439.34202194214,5
9700000,10,10,1705359.4901561737,511427.503824234,5
9750000,10,3,1196628.5934448242,17010.916471481323,5
9750000,10,5,1405524.9290466309,63609.70377922058,5
9750000,10,10,1740095.0984954834,516618.7102794647,5
9800000,10,3,1230629.7986507416,17450.39987564087,5
9800000,10,5,1431445.6651210785,61354.46619987488,5
9800000,10,10,1748314.1911029816,521473.1578826903,5
9850000,10,3,1207899.2342948914,17851.996421813965,5
9850000,10,5,1432613.2402420044,61669.45934295654,5
9850000,10,10,1776312.1659755711,526394.0110206604,5
9900000,10,3,1249006.8814754486,17791.49627685547,5
9900000,10,5,1449944.9391365051,62354.22921180725,5
9900000,10,10,1760067.5904750824,531555.2361011505,5
9950000,10,3,1261438.2615089417,17867.61164665222,5
9950000,10,5,1462334.774017334,62756.29186630249,5
9950000,10,10,1773884.666442871,536670.3989505768,5
10000000,10,3,1265916.6629314425,18530.05027770996,5
10000000,10,5,1464152.0414352417,63705.73329925537,5
10000000,10,10,1866020.3449726105,542022.5043296814,5
